,Custom,,,,,,,,,,,,,,,,,,,,,,,,,,,,,,,,,,,,,,,,,,,,,,,,,,,,,,,,,,,,,,,,,,,,,,,,,,,,,,,,,,,,,,,,,,,,,,,,,,,,,,,,,,,,,,,,,,,,,,,,,,,,,,,,,,,,,,,,,,,,,,,,,,,,,,,,,,,,,,,,,,,,,,,,,,,,,,,,,,,,,,,,,,,,,,,,,,
,1.24x24,1.25x25,1.27x27,1.28x28,1.29x29,1.30x30,1.31x31,1.32-33x32,1.33-34x33,1.34-35x34,1.35-36x35,1.35-36x36,1.37-38x38,1.38-39x39,1.40-41x41,1.42x42,1.43x43,1.46x46,1.47x47,1.53x53,1.56x56,1.57x57,12.49x49,12.50x50,12.51x51,2.37x37,2.38x38,2.39x39,2.40x40,2.42x42,2.43x43,2.46x46,2.49x49,2.50x50,2.52x52,2.53x53,2.54x54,2.55x55,2.56x551,2.57x56,2.58x57,2.59x58,2.60x59,2.61x60,2.62x61,2.63x62,2.64x63,2.65x64,2.66x65,2.67x66,2.68x67,2.69x68,23.49x49,23.50x50,23.52x52,3.21x21,3.22x22,3.24x24,3.25x25,3.26x26,3.27x27,3.28x28,3.29x29,3.30x30,3.31x31,3.32x32,3.33x33,3.34x34,3.35x35,3.36x36,3.37x37,3.38x38,3.39x39,3.40x40,3.41x41,3.43x43,3.44x44,3.45x45,3.46x46,3.47x47,3.48x48,3.49x49,3.50x50,3.51x51,3.52x52,3.54x54,34.53x53,34.56x56,34.57x57,4.41x41,4.42x42,4.43x43,4.45x45,4.46x46,4.48x48,4.49x49,4.50x50,4.51x51,4.52x52,4.53x53,4.54x54,4.56x56,4.56-57x57,4.57-58x58,4.59-60x60,4.60-61x61,4.61-62x62,4.62-63x63,4.63-64x64,4.64-65x65,4.67-68x68,45.50x50,45.51x51,45.52x52,5.35x36,5.36x37,5.37x38,5.38x39,5.39x40,5.40x41,5.41x42,5.42x43,5.43x44,5.45x46,5.46x461,5.47x47,5.48x48,5.49x49,5.50x50,5.51x51,5.53x53,5.54x54,5.55x55,5.57x57,5.58x58,5.59x59,5.61x61,5.62x62,5.65x65,5.66x66,6.30x30,6.33x33,6.34x34,6.35x35,6.36x36,6.37x37,6.38x38,6.40x40,6.41x41,6.44x44,6.45x45,6.47x47,6.48x48,6.49x49,6.51x51,6.52x52,6.54x54,6.55x55,6.56x56,6.57x57,6.58x58,6.59x59,6.60x60,6.61x61,6.62x62,7.28x27,7.29x28,7.30x29,7.31x30,7.32x31,7.33x32,7.34x33,7.35x34,7.36x35,7.37x36,7.38x37,7.39x38,7.40x39,7.41x40,7.42x41,7.43x42,7.44x43,7.45x45,7.46x46,7.47x47,7.48x48,7.49x49,7.53x53,7.55x55,7.56x56,8.47x47,8.48x48,8.49x49,8.50x50,8.53x53
[Human] 5ht1a_human,-,-,-,T,V,S,Y,Q,V,I,T,S,L,L,T,L,I,A,V,V,A,I,S,L,Q,N,V,A,N,L,I,L,T,D,M,V,S,V,L,V,L,P,M,A,A,L,Y,Q,V,L,N,-,K,W,L,G,Q,T,C,D,L,F,I,A,L,D,V,L,C,C,T,S,S,I,L,L,C,A,I,A,L,D,R,Y,W,I,Y,K,R,R,A,A,L,I,L,T,W,L,I,G,F,I,S,I,P,M,L,G,W,-,-,C,T,I,D,H,G,Y,T,I,Y,S,T,G,A,F,Y,I,P,L,L,M,L,L,Y,G,I,F,A,R,E,T,V,K,T,L,G,I,M,F,I,C,W,L,F,F,V,A,L,V,L,P,F,C,-,-,-,-,P,T,L,L,G,A,I,I,N,W,L,G,Y,S,N,S,L,L,N,Y,Y,F,N,K,D,F,A
[Human] 5ht1b_human,-,-,-,S,L,P,W,K,V,L,L,V,L,L,L,I,T,T,T,V,T,V,K,L,H,T,P,A,N,L,I,L,T,D,L,V,S,I,L,V,M,P,I,S,T,M,Y,T,V,T,G,-,R,W,L,G,Q,V,C,D,F,W,L,S,S,D,I,T,C,C,T,A,S,I,L,L,C,V,I,A,L,D,R,Y,W,I,Y,K,R,R,A,A,M,I,L,V,W,V,F,S,I,I,S,L,P,F,F,W,-,-,-,C,V,V,H,I,L,Y,T,V,Y,S,T,G,A,F,Y,F,P,T,L,L,I,L,Y,G,I,Y,A,R,E,A,T,K,T,L,G,I,L,F,I,C,W,L,F,F,I,S,L,V,M,P,I,C,-,-,-,-,H,L,A,I,F,D,F,F,T,W,L,G,Y,L,N,S,L,I,N,Y,M,S,N,E,D,F,A
[Human] 5ht1d_human,-,-,-,L,Q,A,L,K,I,S,L,A,V,L,V,I,T,T,V,V,T,I,K,L,H,T,P,A,N,L,I,L,T,D,L,V,S,I,L,V,M,P,I,S,I,A,Y,T,I,T,H,-,T,W,F,G,Q,L,C,D,I,W,L,S,S,D,I,T,C,C,T,A,S,I,L,L,C,V,I,A,L,D,R,Y,W,I,Y,R,R,H,A,A,M,I,I,V,W,A,I,S,I,I,S,I,P,L,F,W,R,-,-,C,L,V,Q,I,S,Y,T,I,Y,S,T,G,A,F,Y,I,P,S,L,L,I,L,Y,G,I,Y,A,R,E,A,T,K,I,L,G,I,L,F,I,C,W,L,F,F,V,S,L,V,L,P,I,C,-,-,-,-,H,P,A,L,F,D,F,F,T,W,L,G,Y,L,N,S,L,I,N,Y,V,F,N,E,E,F,A
[Human] 5ht1e_human,-,-,-,T,I,T,E,K,M,L,I,C,T,L,V,I,T,T,T,V,A,I,K,L,H,Q,P,A,N,L,I,L,T,D,L,V,A,V,L,V,M,P,L,S,I,I,Y,I,V,M,D,-,R,W,L,G,Y,L,C,E,V,W,L,S,V,D,M,T,C,C,T,C,S,I,L,L,C,V,I,A,L,D,R,Y,W,I,Y,K,R,R,A,A,M,I,T,V,W,T,I,S,I,I,S,M,P,L,F,W,-,-,-,C,T,I,H,V,I,Y,T,I,Y,S,T,G,A,F,Y,I,P,L,L,I,L,L,Y,Y,I,Y,A,K,E,A,A,R,I,L,G,I,L,F,I,S,W,L,F,F,K,E,L,I,V,G,L,S,-,-,-,-,S,S,E,V,A,D,F,L,T,W,L,G,Y,V,N,S,L,I,N,Y,S,F,N,E,D,F,A
[Human] 5ht1f_human,-,-,-,-,M,P,S,K,I,L,V,S,T,L,G,L,A,T,T,V,A,I,K,L,H,H,P,A,N,L,I,L,T,D,L,V,A,V,L,V,M,P,F,S,I,V,Y,I,V,R,E,-,S,W,M,G,Q,V,C,D,I,W,L,S,V,D,I,T,C,C,T,C,S,I,L,L,S,A,I,A,L,D,R,Y,R,I,Y,K,R,H,A,G,M,I,I,V,W,I,I,S,V,I,S,M,P,L,F,W,R,H,-,C,I,I,H,I,V,S,T,I,Y,S,T,G,A,F,Y,I,P,L,L,I,L,L,Y,Y,I,Y,A,K,E,A,A,T,T,L,G,I,L,F,V,C,W,L,F,F,K,E,L,V,V,N,V,C,-,-,-,-,S,E,E,M,S,N,F,L,A,W,L,G,Y,L,N,S,L,I,N,Y,I,F,N,E,D,F,A
[Human] 5ht2a_human,-,-,L,H,L,Q,E,K,N,W,S,A,L,T,V,V,I,T,I,V,A,V,K,L,Q,N,A,T,N,F,L,L,A,D,L,L,G,F,L,V,M,P,V,S,M,L,T,I,L,Y,G,-,R,W,L,P,S,L,C,A,V,W,I,Y,L,D,V,L,F,S,T,A,S,I,M,L,C,A,I,S,L,D,R,Y,V,I,H,F,N,K,A,F,K,I,A,V,W,T,I,S,V,I,S,-,P,I,P,V,F,G,D,C,L,L,D,D,N,F,V,L,I,G,S,V,S,F,F,I,P,L,I,M,V,T,Y,F,T,I,L,Q,E,A,C,K,V,L,G,V,F,F,V,M,W,C,F,F,T,N,I,M,A,V,I,C,-,E,D,V,I,G,A,L,L,N,V,F,V,W,I,G,Y,L,S,S,A,V,N,Y,L,F,N,K,T,Y,A
[Human] 5ht2b_human,-,-,-,-,-,-,-,K,L,H,W,A,L,L,L,V,I,T,I,V,A,V,K,L,Q,Y,A,T,N,F,L,L,A,D,L,V,G,L,F,V,M,P,I,A,L,L,T,I,M,F,-,-,M,W,L,P,L,L,C,P,A,W,L,F,L,D,V,L,F,S,T,A,S,I,M,L,C,A,I,S,V,D,R,Y,I,I,A,Y,N,T,A,F,K,I,V,V,W,L,I,S,I,I,A,-,P,V,P,I,K,G,-,C,V,L,F,G,D,F,M,L,F,G,S,A,A,F,F,T,P,L,I,M,I,T,Y,F,T,I,L,Q,E,A,S,K,V,L,G,V,F,F,L,M,W,C,F,F,T,N,I,T,L,V,L,C,-,Q,T,T,L,Q,M,L,L,E,I,F,V,W,I,G,Y,V,S,S,G,V,N,Y,L,F,N,K,T,F,A
[Human] 5ht2c_human,-,-,-,-,-,-,-,N,W,P,A,-,S,I,I,I,I,T,I,V,A,V,K,L,H,N,A,T,N,F,L,L,A,D,L,V,G,L,L,V,M,P,L,S,L,L,A,I,L,Y,D,-,V,W,L,P,R,L,C,P,V,W,I,S,L,D,V,L,F,S,T,A,S,I,M,L,C,A,I,S,L,D,R,Y,V,I,H,F,N,K,A,I,K,I,I,V,W,A,I,S,I,V,S,-,P,I,P,V,I,G,D,C,V,L,D,P,N,F,V,L,I,G,S,V,A,F,F,I,P,L,I,M,V,T,Y,C,T,I,L,R,E,A,S,K,V,L,G,V,F,F,L,M,W,C,F,F,T,N,I,L,S,V,L,C,-,Q,K,L,M,E,K,L,L,N,V,F,V,W,I,G,Y,V,C,S,G,I,N,Y,L,F,N,K,I,Y,A
[Human] 5ht4r_human,-,-,-,-,-,V,E,K,V,V,L,L,F,L,T,V,I,A,I,V,A,V,Q,L,R,I,K,T,N,F,I,L,A,D,L,V,S,V,L,V,M,P,F,G,A,I,E,L,V,Q,D,-,I,W,Y,G,E,F,C,L,V,R,T,S,L,D,V,L,L,T,T,A,S,I,F,L,C,C,I,S,L,D,R,Y,Y,I,Y,K,M,R,I,A,M,L,G,C,W,V,I,P,T,I,S,F,P,I,M,Q,G,-,-,C,V,F,N,K,P,Y,A,I,T,C,S,V,A,F,Y,I,P,F,L,M,V,A,Y,Y,I,Y,A,K,E,A,A,K,T,L,C,I,M,F,C,C,W,A,F,F,T,N,I,V,D,P,F,I,-,-,-,-,P,G,Q,V,W,T,A,F,L,W,L,G,Y,I,N,S,G,L,N,Y,F,L,N,K,S,F,A
[Human] 5ht5a_human,-,-,-,L,S,V,F,G,V,L,I,L,L,L,F,L,V,T,F,V,T,I,T,F,H,R,V,P,H,L,V,M,S,D,L,V,A,A,L,V,M,P,L,S,L,V,H,E,L,S,G,-,R,W,L,G,R,L,C,Q,L,W,I,A,C,D,V,L,C,C,T,A,S,I,W,V,T,A,I,A,L,D,R,Y,W,I,Y,-,-,V,S,N,M,I,L,T,W,A,L,S,A,I,S,L,P,L,L,F,G,-,-,C,Q,V,E,P,S,Y,A,V,F,S,T,G,A,F,Y,L,P,L,V,V,L,V,Y,W,I,Y,A,K,E,A,A,L,M,V,G,L,I,F,V,C,W,I,F,F,T,E,L,I,S,P,L,C,-,-,-,-,P,A,I,W,K,S,I,F,L,W,L,G,Y,S,N,S,F,F,N,Y,A,F,N,K,N,Y,A
[Human] 5ht6r_human,-,-,-,-,-,-,-,S,G,W,V,A,A,L,V,V,I,T,A,L,L,I,A,L,R,N,T,S,N,F,L,L,S,D,M,V,G,L,V,V,M,P,P,A,M,L,N,A,L,Y,G,-,R,W,L,A,R,L,C,L,L,W,T,A,F,D,V,M,C,C,S,A,S,I,L,L,C,L,I,S,L,D,R,Y,L,I,Y,R,M,R,A,L,L,V,G,A,W,S,L,A,A,A,S,F,P,L,L,L,G,-,-,C,R,L,S,L,P,F,V,L,V,A,S,L,T,F,F,L,P,S,A,I,C,T,Y,C,I,L,A,R,A,A,S,L,T,L,G,L,L,F,F,T,W,L,F,F,A,N,I,V,Q,A,V,C,-,-,-,-,S,P,G,L,F,D,V,L,T,W,L,G,Y,C,N,S,T,M,N,Y,L,F,M,R,D,F,A
[Human] 5ht7r_human,-,-,-,G,R,V,E,K,V,V,I,G,I,L,L,I,T,T,I,V,S,V,K,L,R,Q,P,S,N,L,I,L,A,D,S,V,A,V,A,V,M,P,F,V,S,V,T,D,L,I,G,G,K,W,F,G,H,F,C,N,V,F,I,A,M,D,V,M,C,C,T,A,S,I,M,L,C,V,I,S,I,D,R,Y,L,I,Y,R,Q,C,M,A,M,I,S,V,W,L,L,S,A,I,T,L,P,L,F,G,-,-,-,C,L,I,D,F,G,Y,T,I,Y,S,T,V,A,F,Y,I,P,M,V,M,L,M,Y,Y,I,Y,A,R,E,A,A,T,T,L,G,I,V,F,T,C,W,L,F,F,L,S,T,A,R,P,F,I,-,-,-,-,P,L,W,V,E,R,T,F,L,W,L,G,Y,A,N,S,L,I,N,Y,F,F,N,R,D,L,T
[Human] acm1_human,-,-,-,G,P,W,Q,V,A,F,I,G,T,T,L,L,S,T,V,V,S,F,E,L,K,T,V,N,N,F,L,L,A,D,I,I,G,T,F,S,M,N,L,Y,T,T,Y,L,L,M,G,-,H,W,L,G,T,A,C,D,L,W,L,A,L,D,Y,V,A,S,N,A,S,V,M,L,L,L,I,S,F,D,R,Y,F,V,Y,K,R,R,A,A,M,I,L,A,W,L,V,S,F,L,W,A,A,I,L,F,W,Q,V,C,Y,I,Q,P,I,I,T,F,G,T,A,A,A,F,Y,L,P,V,V,M,C,L,Y,W,I,Y,T,E,E,A,A,R,T,L,S,I,L,F,I,T,W,T,Y,N,M,V,L,V,S,T,F,C,-,-,-,-,P,E,T,L,W,E,L,G,Y,W,L,C,Y,V,N,S,T,I,N,Y,L,C,N,K,A,F,T
[Human] acm2_human,-,-,-,K,T,F,E,V,V,F,I,V,V,A,S,L,S,T,I,V,S,I,H,L,Q,T,V,N,N,F,L,L,A,D,I,I,G,V,F,S,M,N,L,Y,T,L,Y,T,V,I,G,-,Y,W,L,G,P,V,C,D,L,W,L,A,L,D,Y,V,V,S,N,A,S,V,M,L,L,I,I,S,F,D,R,Y,F,V,Y,K,R,M,A,G,M,I,A,A,W,V,L,S,F,L,W,A,A,I,L,F,W,Q,V,C,Y,I,N,A,A,V,T,F,G,T,A,A,A,F,Y,L,P,V,I,M,T,L,Y,W,I,S,S,K,E,V,T,R,T,I,L,I,L,F,I,T,W,A,Y,N,M,V,L,I,N,T,F,C,-,-,-,-,P,N,T,V,W,T,I,G,Y,W,L,C,Y,I,N,S,T,I,N,Y,L,C,N,A,T,F,T
[Human] acm3_human,-,-,-,T,V,W,Q,V,V,F,I,A,L,T,I,L,A,T,I,V,S,F,Q,L,K,T,V,N,N,F,L,L,A,D,I,I,G,V,I,S,M,N,L,F,T,T,Y,I,I,M,-,-,R,W,L,G,N,A,C,D,L,W,L,A,I,D,Y,V,A,S,N,A,S,V,M,L,L,V,I,S,F,D,R,Y,F,I,Y,K,R,R,A,G,M,I,L,A,W,V,I,S,F,L,W,A,A,I,L,F,W,Q,V,C,F,I,E,P,T,I,T,F,G,T,A,A,A,F,Y,M,P,V,I,M,T,L,Y,W,I,Y,T,E,E,A,A,Q,T,L,S,I,L,F,I,T,W,T,Y,N,M,V,L,V,N,T,F,C,-,-,-,-,P,K,T,F,W,N,L,G,Y,W,L,C,Y,I,N,S,T,V,N,Y,L,C,N,K,T,F,T
[Human] acm4_human,-,-,Y,E,T,V,E,M,V,F,I,A,V,T,S,L,S,T,V,V,S,I,Q,L,Q,T,V,N,N,F,L,L,A,D,I,I,G,A,F,S,M,N,L,Y,T,V,Y,I,I,K,G,-,Y,W,L,G,A,V,C,D,L,W,L,A,L,D,Y,V,V,S,N,A,S,V,M,L,L,I,I,S,F,D,R,Y,F,V,Y,R,R,M,A,G,M,I,A,A,W,V,L,S,F,L,W,A,A,I,L,F,W,Q,V,C,F,I,N,P,A,V,T,F,G,T,A,A,A,F,Y,L,P,V,I,M,T,L,Y,I,I,S,S,R,E,V,T,R,T,I,F,I,L,F,I,T,W,T,Y,N,M,V,L,V,N,T,F,C,-,-,-,-,P,D,T,V,W,S,I,G,Y,W,L,C,Y,V,N,S,T,I,N,Y,L,C,N,A,T,F,T
[Human] acm5_human,-,-,-,R,L,W,E,V,I,T,I,A,V,T,V,V,S,T,I,V,S,F,Q,L,K,T,V,N,N,Y,L,L,A,D,I,I,G,I,F,S,M,N,L,Y,T,T,Y,I,L,M,G,-,R,W,L,G,S,A,C,D,L,W,L,A,L,D,Y,V,A,S,N,A,S,V,M,L,L,V,I,S,F,D,R,Y,F,I,Y,K,R,R,A,G,M,I,L,A,W,L,I,S,F,L,W,A,A,I,L,C,W,Q,V,C,Q,I,E,P,T,I,T,F,G,T,A,A,A,F,Y,I,P,V,V,M,T,L,Y,C,I,Y,T,E,E,A,A,Q,T,L,S,I,L,F,I,T,W,T,Y,N,M,V,L,V,S,T,F,C,-,-,-,-,P,V,T,L,W,H,L,G,Y,W,L,C,Y,V,N,S,T,V,N,Y,L,C,N,R,T,F,T
[Human] ada1a_human,-,-,V,N,I,S,K,A,I,L,L,G,I,L,G,L,I,G,V,V,S,V,H,L,H,S,V,T,H,Y,I,L,A,D,L,L,T,S,T,V,L,P,F,S,A,I,F,E,V,L,G,-,Y,W,F,G,R,F,C,N,I,W,A,A,V,D,V,L,C,C,T,A,S,I,M,L,C,I,I,S,I,D,R,Y,I,V,Y,I,V,R,G,L,A,L,C,V,W,A,L,S,L,I,S,I,P,L,F,G,W,-,-,C,Q,I,E,P,G,Y,V,L,F,S,A,G,S,F,Y,L,P,L,I,I,L,M,Y,C,V,Y,A,K,E,A,A,K,T,L,G,V,V,F,V,C,W,L,F,F,V,M,P,I,G,S,F,F,-,-,-,-,S,E,T,V,F,K,I,V,F,W,L,G,Y,L,N,S,C,I,N,Y,C,S,S,Q,E,F,A
[Human] ada1b_human,-,-,L,D,I,T,R,A,I,S,V,G,V,L,A,F,I,A,I,V,S,V,H,L,R,T,P,T,N,F,I,L,A,D,L,L,S,F,T,V,L,P,F,S,A,A,L,E,V,L,G,-,Y,W,L,G,R,F,C,D,I,W,A,A,V,D,V,L,C,C,T,A,S,I,L,L,C,A,I,S,I,D,R,Y,I,V,Y,L,V,K,A,I,A,L,S,V,W,V,L,S,T,I,S,I,P,L,L,G,W,-,-,C,G,V,E,P,F,Y,A,L,F,S,S,G,S,F,Y,I,P,L,V,I,L,M,Y,C,V,Y,A,K,E,A,A,K,T,L,G,V,V,F,I,C,W,L,F,F,A,L,P,L,G,S,L,F,-,-,-,-,P,D,A,V,F,K,V,V,F,W,L,G,Y,F,N,S,C,L,N,Y,C,S,S,K,E,F,A
[Human] ada1d_human,-,-,V,V,S,A,Q,G,V,G,V,G,F,L,A,F,I,A,V,V,S,V,H,L,Q,T,V,T,N,F,I,L,A,D,L,L,S,A,T,V,L,P,F,S,A,T,M,E,V,L,G,-,F,W,F,G,R,F,C,D,V,W,A,A,V,D,V,L,C,C,T,A,S,I,L,L,C,T,I,S,V,D,R,Y,V,V,Y,I,M,K,A,A,I,L,L,L,W,V,V,A,L,V,S,V,P,L,L,G,W,-,-,C,G,I,E,A,G,Y,A,V,F,S,S,C,S,F,Y,L,P,M,V,I,V,M,Y,C,V,Y,A,R,E,A,A,K,T,L,A,V,V,F,V,C,W,F,F,F,V,L,P,L,G,S,L,F,-,-,-,-,S,E,G,V,F,K,V,I,F,W,L,G,Y,F,N,S,C,V,N,Y,C,S,S,R,E,F,A
[Human] ada2a_human,-,-,-,-,-,Q,V,T,L,T,L,V,L,A,L,L,M,T,V,V,A,V,A,L,K,A,P,Q,N,F,L,L,A,D,L,V,A,T,L,V,I,P,F,S,L,A,N,E,V,M,G,-,Y,W,F,G,K,W,C,E,I,Y,L,A,L,D,V,L,F,C,T,S,S,I,V,L,C,A,I,S,L,D,R,Y,W,I,Y,K,R,R,I,K,I,I,T,V,W,V,I,S,A,I,S,F,P,L,I,-,-,-,-,C,E,I,Q,K,W,Y,V,I,S,S,C,G,S,F,F,A,P,C,I,M,I,V,Y,V,I,Y,A,K,E,F,T,F,V,L,A,V,I,F,V,C,W,F,F,F,T,Y,T,L,T,A,V,G,-,-,-,-,P,R,T,L,F,K,F,F,F,W,F,G,Y,C,N,S,S,L,N,Y,I,F,N,H,D,F,A
[Human] ada2b_human,-,-,-,-,-,-,A,T,A,A,I,A,A,I,F,L,I,T,I,V,A,V,S,L,R,A,P,Q,N,F,L,L,A,D,L,V,A,T,L,I,I,P,F,S,L,A,N,E,L,L,G,-,Y,W,F,R,R,W,C,E,V,Y,L,A,L,D,V,L,F,C,T,S,S,I,V,L,C,A,I,S,L,D,R,Y,W,V,Y,K,R,R,I,K,I,I,T,V,W,L,I,A,A,I,S,L,P,L,I,-,-,-,-,C,K,L,E,A,W,Y,I,L,A,S,S,G,S,F,F,A,P,C,I,M,I,V,Y,L,I,Y,A,K,E,F,T,F,V,L,A,V,I,F,V,C,W,F,F,F,S,Y,S,L,G,A,I,C,-,-,-,-,P,H,G,L,F,Q,F,F,F,W,I,G,Y,C,N,S,S,L,N,Y,I,F,N,Q,D,F,A
[Human] ada2c_human,-,-,-,S,A,G,A,V,A,G,L,A,V,V,F,L,I,T,V,V,A,V,A,L,R,A,P,Q,N,F,L,L,A,D,L,V,A,T,L,V,M,P,F,S,L,A,N,E,L,M,A,-,Y,W,F,G,Q,W,C,G,V,Y,L,A,L,D,V,L,F,C,T,S,S,I,V,L,C,A,I,S,L,D,R,Y,W,V,Y,K,R,R,V,K,T,I,A,V,W,L,I,S,A,I,S,F,P,L,V,-,-,-,-,C,G,L,E,T,W,Y,I,L,S,S,C,G,S,F,F,A,P,C,I,M,G,V,Y,A,I,Y,A,K,E,F,T,F,V,L,A,V,M,F,V,C,W,F,F,F,S,Y,S,L,Y,G,I,C,R,-,-,-,P,G,P,L,F,K,F,F,F,W,I,G,Y,C,N,S,S,L,N,Y,V,F,N,Q,D,F,S
[Human] adrb1_human,P,E,L,S,Q,Q,W,T,A,G,M,G,L,M,L,I,V,I,V,V,A,I,R,L,Q,T,L,T,N,F,I,L,A,D,V,M,G,L,L,V,V,P,F,G,A,T,I,V,V,W,G,-,R,W,Y,G,S,F,C,E,L,W,T,S,V,D,V,L,C,V,T,A,S,I,E,L,C,V,I,A,L,D,R,Y,L,I,Y,L,L,R,A,R,L,V,T,V,W,A,I,S,A,V,S,F,P,I,L,M,H,-,-,C,D,F,N,R,A,Y,A,I,A,S,S,V,S,F,Y,V,P,L,I,M,A,V,Y,L,V,F,A,Q,E,A,L,K,T,L,G,I,M,F,T,C,W,L,F,F,A,N,V,V,K,A,F,H,-,-,-,-,P,D,R,L,F,V,F,F,N,W,L,G,Y,A,N,S,A,F,N,Y,R,-,S,P,D,F,A
[Human] adrb2_human,-,Q,R,D,E,V,W,V,V,G,M,G,V,M,L,I,V,I,V,V,A,I,R,L,Q,T,V,T,N,F,I,L,A,D,V,M,G,L,A,V,V,P,F,G,A,A,H,I,L,M,K,-,M,W,F,G,N,W,C,E,F,W,T,S,I,D,V,L,C,V,T,A,S,I,E,L,C,V,I,A,V,D,R,Y,F,I,Y,L,L,K,A,R,I,I,M,V,W,I,V,S,G,T,S,F,P,I,Q,M,H,-,-,C,D,F,N,Q,A,Y,A,I,A,S,S,V,S,F,Y,V,P,L,I,M,V,V,Y,S,V,F,A,K,E,A,L,K,T,L,G,I,M,F,T,C,W,L,F,F,V,N,I,V,H,V,I,Q,-,-,-,-,R,K,E,V,Y,I,L,L,N,W,I,G,Y,V,N,S,G,F,N,Y,R,-,S,P,D,F,A
[Human] adrb3_human,-,L,G,V,P,W,E,A,A,L,A,G,L,L,L,A,V,T,V,V,A,I,R,L,Q,T,M,T,N,F,V,L,A,D,V,M,G,L,L,V,V,P,P,A,A,T,L,A,L,T,G,-,H,W,L,G,A,G,C,E,L,W,T,S,V,D,V,L,C,V,T,A,S,I,E,L,C,A,L,A,V,D,R,Y,L,V,Y,L,V,C,A,R,A,V,L,V,W,V,V,S,A,V,S,F,P,I,M,S,Q,-,-,C,A,F,N,M,P,Y,V,L,L,S,S,V,S,F,Y,L,P,L,V,M,L,V,Y,A,V,F,A,T,E,A,L,C,T,L,G,I,M,F,T,C,W,L,F,F,A,N,V,L,R,A,L,G,-,-,-,-,P,G,P,A,F,L,A,L,N,W,L,G,Y,A,N,S,A,F,N,Y,R,-,S,P,D,F,A
[Human] drd1_human,-,-,-,-,-,S,V,R,I,L,T,A,F,L,L,L,I,T,L,V,A,V,H,L,R,K,V,T,N,F,V,L,S,D,L,V,A,V,L,V,M,P,W,K,A,V,A,E,I,A,G,-,F,W,F,-,G,F,C,N,I,W,V,A,F,D,I,M,C,S,T,A,S,I,L,L,C,V,I,S,V,D,R,Y,W,I,Y,K,M,A,A,F,L,I,V,A,W,T,L,S,V,I,S,F,P,V,Q,L,S,-,-,C,D,S,S,R,T,Y,A,I,S,S,S,I,S,F,Y,I,P,V,I,M,I,T,Y,T,I,Y,A,Q,E,V,L,K,T,L,S,I,M,F,V,C,W,L,F,F,L,N,C,I,L,P,F,C,-,-,-,-,D,S,N,T,F,D,V,F,V,W,F,G,W,A,N,S,S,L,N,Y,F,-,N,A,D,F,A
[Human] drd2_human,-,-,-,-,R,P,H,Y,N,Y,Y,A,L,L,L,L,I,I,V,V,A,V,A,L,Q,T,T,T,N,L,I,L,A,D,L,V,A,T,L,V,M,P,W,V,V,Y,L,E,V,V,G,-,E,W,F,S,R,H,C,D,I,F,V,T,L,D,V,M,M,C,T,A,S,I,L,L,C,A,I,S,I,D,R,Y,T,V,Y,-,-,R,V,T,M,I,I,V,W,V,L,S,F,I,S,-,P,L,L,F,G,-,-,C,I,I,N,P,A,F,V,V,Y,S,S,V,S,F,Y,V,P,F,V,T,L,V,Y,I,I,Y,L,R,E,A,T,Q,M,L,A,V,L,F,I,C,W,L,F,F,T,H,I,L,N,I,H,C,-,-,-,-,P,P,V,L,Y,S,A,F,T,W,L,G,Y,V,N,S,A,V,N,Y,T,F,N,I,E,F,A
[Human] drd3_human,-,-,-,-,A,R,P,H,A,Y,Y,A,S,Y,A,L,I,I,V,V,A,V,A,L,Q,T,T,T,N,L,V,L,A,D,L,V,A,T,L,V,M,P,W,V,V,Y,L,E,V,T,G,-,V,W,F,S,R,C,C,D,V,F,V,T,L,D,V,M,M,C,T,A,S,I,L,L,C,A,I,S,I,D,R,Y,T,V,Y,G,T,R,V,A,M,I,A,V,W,V,L,A,F,V,S,-,P,L,L,F,G,-,-,C,S,I,N,P,D,F,V,I,Y,S,S,V,S,F,Y,L,P,F,V,T,V,V,Y,A,I,Y,L,K,E,A,T,Q,M,V,A,V,L,F,I,C,W,L,F,F,T,H,V,L,N,T,H,C,-,-,-,-,S,P,E,L,Y,S,A,T,T,W,L,G,Y,V,N,S,A,L,N,Y,T,F,N,I,E,F,A
[Human] drd4_human,-,-,-,-,A,G,Q,G,A,A,A,L,G,G,L,L,I,V,L,V,S,V,A,L,Q,T,P,T,N,F,I,L,A,D,L,L,A,L,L,V,L,P,L,F,V,Y,S,E,V,Q,G,-,A,W,L,S,P,L,C,D,A,L,M,A,M,D,V,M,L,C,T,A,S,I,F,L,C,A,I,S,V,D,R,F,V,V,Y,Q,G,R,Q,L,L,I,A,T,W,L,L,S,A,V,A,-,P,V,L,C,G,-,-,C,R,L,D,R,D,Y,V,V,Y,S,S,C,S,F,F,L,P,C,L,M,L,L,Y,W,T,F,L,Q,E,A,M,R,V,L,P,V,V,F,L,C,W,T,F,F,V,H,I,T,Q,A,L,C,-,-,-,-,P,P,R,L,V,S,A,V,T,W,L,G,Y,V,N,S,A,L,N,Y,V,F,N,A,E,F,V
[Human] drd5_human,-,-,-,-,-,P,S,Q,V,V,T,A,L,L,L,L,I,T,L,V,A,I,H,L,R,N,M,T,N,F,I,L,S,D,F,V,A,L,L,V,M,P,W,K,A,V,A,E,V,A,G,-,Y,W,F,-,G,F,C,D,V,W,V,A,F,D,I,M,C,S,T,A,S,I,L,L,C,V,I,S,V,D,R,Y,W,I,Y,K,M,M,A,L,M,V,L,A,W,T,L,S,I,I,S,F,P,V,Q,L,N,-,-,C,D,S,N,R,T,Y,A,I,S,S,S,I,S,F,Y,I,P,V,I,M,I,T,Y,T,I,Y,A,Q,E,V,L,K,T,L,S,I,M,F,V,C,W,L,F,F,L,N,C,M,V,P,F,C,-,-,-,-,S,E,T,T,F,D,V,F,V,W,F,G,W,A,N,S,S,L,N,Y,F,-,N,A,D,F,V
[Human] hrh1_human,-,-,-,-,-,-,-,-,-,P,L,V,V,L,T,I,C,T,V,V,A,V,K,L,H,T,V,G,N,Y,I,L,A,D,I,V,G,A,V,V,M,P,M,N,I,L,Y,L,L,M,-,-,K,W,L,G,R,L,C,L,F,W,L,S,M,D,Y,V,A,S,T,A,S,I,F,V,F,I,L,C,I,D,R,Y,R,V,Y,Y,R,R,A,S,T,I,G,A,W,F,L,S,F,-,W,V,P,I,L,G,-,-,-,C,E,T,V,T,W,F,K,V,M,T,A,I,N,F,Y,L,P,T,L,M,L,F,Y,A,I,Y,V,R,E,A,A,K,Q,L,G,I,M,F,I,C,W,I,Y,F,F,F,M,V,I,A,F,C,-,-,-,-,N,E,H,L,H,M,F,T,I,W,L,G,Y,I,N,S,T,L,N,Y,L,C,N,E,N,F,T
[Human] hrh2_human,F,C,D,S,T,A,C,K,I,T,I,T,V,L,V,L,I,T,V,V,A,V,R,L,R,N,L,T,N,F,I,L,T,D,L,L,G,L,L,V,L,P,F,S,A,I,Y,Q,L,S,C,-,K,W,F,G,K,F,C,N,I,Y,T,S,L,D,V,M,L,C,T,A,S,I,L,L,F,M,I,S,L,D,R,Y,C,V,Y,L,V,R,V,A,S,L,L,I,W,V,I,S,I,L,S,F,S,I,H,L,G,-,-,C,K,V,N,E,V,Y,G,L,V,D,G,V,T,F,Y,L,P,L,I,M,C,T,Y,Y,I,F,A,R,E,A,T,V,T,L,A,V,M,F,I,C,W,F,Y,F,A,F,V,Y,R,G,L,R,-,-,-,-,N,E,V,L,E,A,I,V,L,W,L,G,Y,A,N,S,A,L,N,Y,A,L,N,R,D,F,G
[Human] hrh3_human,-,-,-,-,-,-,-,-,-,V,L,A,L,M,L,L,I,T,V,V,A,F,S,L,R,T,Q,N,N,F,L,L,S,D,L,V,G,A,F,C,I,P,L,Y,V,P,Y,V,L,T,-,-,R,W,F,G,R,L,C,K,L,W,L,V,V,D,Y,L,L,C,T,S,S,A,F,I,V,L,I,S,Y,D,R,F,L,V,Y,Q,Q,R,A,V,K,M,L,V,W,V,L,A,F,L,Y,-,P,A,I,L,S,-,-,C,Y,A,N,W,Y,F,L,I,T,A,S,L,E,F,F,T,P,F,S,V,T,F,N,L,I,Y,I,Q,D,V,A,K,S,L,A,I,V,F,G,C,W,A,Y,T,L,M,I,I,R,A,A,C,-,-,-,-,P,D,Y,W,Y,E,T,S,F,W,L,L,W,A,N,S,A,V,N,Y,L,C,H,H,S,F,A
[Human] hrh4_human,-,-,-,S,L,S,T,R,V,T,L,A,F,M,L,V,A,I,M,V,A,F,N,L,R,H,R,S,S,F,F,L,S,D,F,V,G,V,I,S,I,P,L,Y,I,P,H,T,L,-,-,-,E,W,F,G,K,I,C,V,F,W,L,T,T,D,Y,L,L,C,T,A,S,V,Y,I,V,L,I,S,Y,D,R,Y,L,V,Y,Q,H,K,I,V,L,M,A,V,W,V,L,A,F,V,N,-,P,M,I,L,V,-,-,C,E,P,E,W,Y,I,L,A,I,T,S,L,E,F,V,I,P,V,L,V,A,F,N,M,I,Y,L,W,A,L,A,K,S,L,A,L,L,F,A,C,W,A,Y,S,F,T,I,V,L,S,F,Y,-,-,-,-,K,S,V,W,Y,R,I,A,F,W,L,Q,W,F,N,S,F,V,N,Y,L,C,H,K,R,F,A
[Human] taar1_human,-,-,-,-,-,D,V,R,A,S,L,Y,L,M,L,I,I,T,L,V,S,I,Q,L,H,T,P,T,N,L,I,M,V,D,L,L,G,C,L,V,M,P,Y,S,M,V,R,S,A,E,H,-,C,W,F,G,E,F,C,K,I,H,T,S,T,D,I,M,L,S,S,A,S,I,F,L,S,F,I,S,I,D,R,Y,Y,V,Y,K,M,V,I,C,M,I,I,S,W,S,V,P,A,F,A,F,M,I,F,L,E,-,-,C,S,V,S,K,I,S,G,V,L,T,F,T,S,F,Y,I,P,G,I,M,L,V,Y,Y,I,Y,A,K,E,A,V,K,T,L,G,V,M,F,L,C,W,C,F,F,C,T,V,M,D,P,F,L,-,-,-,-,P,P,T,L,N,D,V,L,I,W,F,G,Y,L,N,S,T,F,N,Y,F,F,Y,P,W,F,A
CONSENSUS,K,L,Q,-,-,-,-,-,-,E,K,V,L,+,A,L,L,L,L,I,T,V,V,A,V,R,W,L,T,V,T,N,F,I,L,A,D,L,V,G,+,L,V,M,P,F,S,A,+,Y,E,+,M,G,-,Y,K,R,G,R,+,C,D,L,W,L,A,L,D,V,L,C,C,T,A,S,I,L,L,C,A,I,S,L,D,R,Y,W,I,C,+,I,R,A,A,M,I,L,V,W,V,+,S,F,I,S,F,P,+,L,+,W,-,-,N,P,A,Y,T,I,Y,S,S,G,S,F,Y,I,P,L,I,M,L,L,Y,+,I,Y,A,K,E,A,A,K,T,L,G,I,L,F,I,C,W,L,F,F,T,N,L,V,+,P,F,C,-,-,-,-,P,E,T,L,F,D,F,F,F,W,L,G,Y,V,N,S,+,L,N,Y,L,F,N,K,D,F,A